ref,name_zh,name_en,mc_x,mc_z,layer,lat,lon
A1,台北車站,Taipei main station,-317,-271,,25.0487037,121.5143449
A10,山鼻,Shanbi,-23488,-3759,,25.0808055,121.2847775
A11,坑口,Kengkou,-25348,-4385,,25.0864909,121.2663561
A12,機場第一航廈,Airport Terminal 1,-28167,-3716,,25.080498,121.2383976
A13,機場第二航廈,Airport Terminal 2,-28785,-3352,,25.0772273,121.2322564
A14a,機場旅館,Airport Hotel,-29957,-2459,,25.0691793,121.2206257
A15,大園,Dayuan,-30961,-977,,25.0558139,121.2106496
A16,橫山,Hengshan,-30439,1163,,25.0364919,121.2157962
A17,領航,Linghang,-29902,2534,,25.0241007,121.2210937
A18,高鐵桃園站,Taoyuan HSR Station,-30602,3685,,25.0137163,121.2141381
A19,桃園體育園區,Taoyuan Sports Park,-31697,5013,,25.0017441,121.2032715
A2,三重,Sanchong,-3501,-920,,25.0546641,121.482813
A20,興南,Xingnan,-30364,7416,,24.9800328,121.2164356
A21,環北,Huanbei,-29921,8840,,24.9671663,121.2208004
A22,老街溪,Laojie River,-30064,9792,,24.9585814,121.2193715
A3,新北產業園區,New Taipei Industrial Park,-5912,-1691,,25.061706,121.4589414
A4,新莊副都心,Xinzhuang Fuduxin,-7238,-1411,,25.05921,121.4457893
A5,泰山,Taishan,-7865,-750,,25.0532646,121.4395522
A6,泰山貴和,Taishan Guihe,-9532,1462,,25.0333454,121.4229634
A7,體育大學,National Taiwan Sport University,-13324,588,,25.0413317,121.3854083
A8,長庚醫院,Chang Gung Memorial Hospital,-14805,-1528,,25.0604744,121.3707965
A9,林口,Linkou,-15751,-2113,,25.0657846,121.3614372
BL01,頂埔,Dingpu,-9859,9616,,24.9597337,121.4194769
BL02,永寧,Yongning,-8166,8820,,24.9668719,121.4362698
BL03,土城,Tucheng,-7348,8119,,24.9731817,121.444391
BL04,海山,Haishan,-6909,6773,,24.9853177,121.4487858
BL05,亞東醫院,Far Eastern Hospital,-6552,5420,,24.9975221,121.4523632
BL06,府中,Fuzhong,-5858,4172,,25.0087697,121.4592803
BL07,板橋,Banqiao,-5486,3536,,25.0144988,121.462992
BL08,新埔,Xinpu,-4953,2542,,25.0234603,121.4683057
BL09,江子翠,Jiangzicui,-4504,1769,,25.0304238,121.4727783
BL10,龍山寺,Longshan Temple,-1801,1221,,25.0352844,121.4995813
BL13,善導寺,Shandao Temple,601,162,,25.0447619,121.5234226
BL14;O07,忠孝新生,Zhongxiao Xinsheng,1552,432,,25.04229,121.5328383
BL16,忠孝敦化,Zhongxiao Dunhua,3232,512,,25.0415086,121.549479
BL17,國父紀念館,Sun Yat-Sen Memorial Hall,4030,527,,25.0413418,121.5573918
BL18,市政府,Taipei City Hall,4909,547,,25.0411283,121.5660998
BL19,永春,Yongchun,5878,571,,25.0408761,121.5757045
BL20,後山埤,Houshanpi,6544,140,,25.0447413,121.5823224
BL21,昆陽,Kunyang,7651,-502,,25.0504897,121.5933161
BL22,南港,Nangang,9050,-685,,25.0520905,121.607192
BL23,南港展覽館,Taipei Nangang Exhibition Center,10061,-964,,25.0545687,121.6172189
BR01,動物園,Taipei Zoo,6276,5283,,24.9983168,121.5794478
BR02,木柵,Muzha,5644,5294,,24.9982458,121.5731834
BR03,萬芳社區,Wanfang Community,5133,5256,,24.9986089,121.5681226
BR04,萬芳醫院,Wanfang Hospital,4125,5169,,24.9994306,121.558138
BR05,辛亥,Xinhai,4013,4499,,25.0054814,121.5570598
BR06,麟光,Linguang,4193,3063,,25.0184395,121.5589054
BR07,六張犁,Liuzhangli,3607,2470,,25.0238183,121.5531211
BR08,科技大樓,Technology Building,2631,2221,,25.0261012,121.5434596
BR09;R05,大安,Daan,2637,1420,,25.0333294,121.5435546
BR10;BL15,忠孝復興,Zhongxiao Fuxing,2655,510,,25.0415409,121.5437706
BR11;G16,南京復興,Nanjing Fuxing,2671,-630,,25.051836,121.5439651
BR12,中山國中,Zhongshan Junior High School,2690,-1610,,25.0606868,121.5442019
BR13,松山機場,Songshan Airport,3437,-1879,,25.063086,121.5516137
BR14,大直,Dazhi,3009,-3736,,25.0798652,121.5474402
BR15,劍南路,Jiannan Road,3835,-4292,,25.0848493,121.5556531
BR16,西湖,Xihu,5013,-4002,,25.0821916,121.5673156
BR17,港墘,Gangqian,5809,-3771,,25.0800727,121.5752034
BR18,文德,Wende,6792,-3607,,25.0785562,121.5849416
BR19,內湖,Neihu,7723,-4158,,25.0834972,121.5941892
BR20,大湖公園,Dahu Park,8545,-4191,,25.0837613,121.602341
BR21,葫洲,Huzhou,9057,-2961,,25.0726385,121.6073633
BR22,東湖,Donghu,9488,-2385,,25.0674198,121.6116099
BR23,南港軟體園區,Nangang Software Park,9924,-1559,,25.0599458,121.6158969
BR24,南港展覽館,Taipei Nangang Exhibition Center,10128,-1047,,25.0553158,121.617896
G01,新店,Xindian,2073,9759,,24.9580672,121.5376308
G02,新店區公所,Xindian District Office,2444,8725,,24.9673862,121.5413511
G03,七張,Qizhang,2599,7879,,24.9750221,121.5429203
G03A,小碧潭,Xiaobitan,1357,8244,,24.9717696,121.5305995
G04,大坪林,Dapinglin,2435,7004,,24.9829295,121.5413291
G05,景美,Jingmei,2368,5920,,24.9927122,121.5407055
G06,萬隆,Wanlong,2194,4903,,25.0019033,121.5390234
G07,公館,Gongguan,1708,3463,,25.0149166,121.534264
G08,台電大樓,Taipower Building,1094,2829,,25.0206688,121.5282083
G11,小南門,Xiaonanmen,-669,1148,,25.035901,121.5108064
G12;BL11,西門,Ximen,-893,394,,25.0427128,121.5086081
G13,北門,Beimen,-722,-347,,25.0493991,121.5103289
G17,台北小巨蛋,Taipei Arena,3431,-616,,25.0516857,121.5514989
G18,南京三民,Nanjing Sanmin,4723,-593,,25.0514279,121.5643061
G19,松山,Songshan,6052,-448,,25.0500706,121.5774743
K01,雙城,Shuangcheng,-2766,11078,,24.9463253,121.4896615
K02,玫瑰中國城,Rose China Town,-2324,10567,,24.95092,121.49406
K03,台北小城,Taipei Xiaocheng,-1789,10258,,24.9536931,121.4993694
K04,耕莘安康院區,Cardinal Tien Hospital An Kang Branch,-1252,10170,,24.9544744,121.5046917
K05,景文科大,Jinwen University of Science and Technology,-674,10048,,24.9555559,121.5104159
K06,安康,Ankang,17,8982,,24.9651575,121.5172987
K07,陽光運動公園,Sunshine Sports Park,237,8189,,24.9723085,121.5195115
K08,新和國小,Xinhe Elementary School,139,6956,,24.9834417,121.518589
K09,十四張,Shisizhang,1019,6850,,24.9843634,121.5273077
LB01,頂埔,Dingpu,-9868,9634,,24.9595744,121.4193821
LB02,媽祖田,Mazutian,-10600,10317,,24.9534326,121.412114
LB03,長壽山,Changshoushan,-11560,11342,,24.9441968,121.4025763
LB04,橫溪,Hengxi,-12702,12091,,24.9374685,121.3912466
LB05,龍埔,Longpu,-13367,11827,,24.9398681,121.3846739
LB06,三峽,Sanxia,-14197,11934,,24.9389234,121.3764491
LB07,臺北大學,National Taipei University,-15135,11929,,24.9389895,121.3671583
LB08,鶯歌車站,Yingge Station,-16219,10358,,24.9531975,121.3564686
LB09,陶瓷老街,Ceramics Old Street,-16924,10429,,24.9525784,121.3494861
LB10,國華,Guohua,-17635,10200,,24.9546642,121.3424459
LB11,永吉公園,Yongji Park,-18439,9526,,24.9607647,121.3345021
LB12,鶯桃福德,Yingtao Fude,-18909,8862,,24.966771,121.329867
O01,南勢角,Nanshijiao,-847,6230,,24.9900264,121.5088518
O02,景安,Jingan,-1232,5815,,24.9937859,121.5050464
O03,永安市場,Yongan Market,-645,4858,,25.0024105,121.5109003
O04,頂溪,Dingxi,-188,3616,,25.0136014,121.515472
O05;G09,古亭,Guting,538,2161,,25.0267154,121.5227215
O06;R07,東門,Dongmen,1194,1369,,25.0338425,121.5292584
O08;G15,松江南京,Songjiang Nanjing,1568,-645,,25.0520141,121.5330358
O09,行天宮,Xingtian Temple,1577,-1465,,25.0594133,121.5331615
O10,中山國小,Zhongshan Elementary School,914,-1824,,25.062674,121.5265984
O12,大橋頭,Daqiaotou,-489,-1876,,25.063198,121.5126944
O13,台北橋,Taipei Bridge,-1715,-1869,,25.0631779,121.5005513
O14,菜寮,Cailiao,-2566,-1544,,25.0602676,121.4921055
O15,三重,Sanchong,-3243,-1066,,25.0559777,121.4853768
O16,先嗇宮,Xianse Temple,-4621,-4,,25.0464284,121.4716805
O17,頭前庄,Touqianzhuang,-5657,767,,25.0395009,121.4613873
O18,新莊,Xinzhuang,-6466,1121,,25.0363332,121.4533591
O19,輔大,Fu Jen University,-8290,1527,,25.032722,121.4352746
O20,丹鳳,Danfeng,-9562,1951,,25.0289264,121.4226568
O21,迴龍,Huilong,-10645,2713,,25.0220786,121.4119025
O50,三重國小,Sanchong Elementary School,-2045,-2624,,25.0700034,121.4973001
O51,三和國中,Sanhe Junior High School,-3150,-3375,,25.076814,121.4863784
O52,徐匯中學,St. Ignatius High School,-3772,-3762,,25.0803359,121.4802265
O53,三民高中,Sanmin Senior High School,-4473,-4333,,25.0855048,121.4732993
O54,蘆洲,Luzhou,-5302,-4969,,25.091278,121.465104
R01,廣慈/奉天宮,Guangci/Fengtian Temple Station (Under construction),6547,945,,25.0374683,121.5823111
R02,象山,Xiangshan,5282,1460,,25.0328676,121.5697576
R03,台北101/世貿,Taipei 101/World Trade Center,4544,1451,,25.0329794,121.5624453
R04,信義安和,Xinyi Anhe,3564,1438,,25.0331302,121.5527328
R06,大安森林公園,Daan Park,1802,1398,,25.0335619,121.5352793
R08;G10,中正紀念堂,Chiang Kai-Shek Memorial Hall,12,1390,,25.0336955,121.5175455
R09,台大醫院,NTU Hospital,-129,510,,25.0416464,121.5161808
R10;BL12,台北車站,Taipei main station,0,0,,25.0462432,121.5174745
R11;G14,中山,Zhongshan,292,-708,,25.0526256,121.5203914
R12,雙連,Shuanglian,320,-1263,,25.057632,121.5206986
R13;O11,民權西路,Minquan W. Rd.,188,-1840,,25.0628506,121.519403
R14,圓山,Yuanshan,258,-2789,,25.0714175,121.5201361
R15,劍潭,Jiantan,741,-4217,,25.0842913,121.5249806
R16,士林,Shilin,865,-5237,,25.0934949,121.5262468
R17,芝山,Zhishan,485,-6289,,25.1030034,121.5225195
R18,明德,Mingde,104,-7047,,25.1098593,121.5187693
R19,石牌,Shipai,-226,-7572,,25.1146071,121.5155232
R20,唭哩岸,Qilian,-1176,-8266,,25.1209048,121.5061304
R21,奇岩,Qiyan,-1681,-8784,,25.1256031,121.5011369
R22,北投,Beitou,-1940,-9484,,25.1319307,121.4985934
R22A,新北投,Xinbeitou,-1481,-10043,,25.1369644,121.5031693
R23,復興崗,Fuxinggang,-3263,-10095,,25.1374895,121.4854979
R24,忠義,Zhongyi,-4483,-9366,,25.1309506,121.473374
R25,關渡,Guandu,-5109,-8783,,25.1257006,121.4671419
R26,竹圍,Zhuwei,-5883,-10029,,25.1369727,121.4595099
R27,紅樹林,Hongshulin,-5958,-11960,,25.1544087,121.4588321
R28,淡水,Tamsui,-7299,-13437,,25.1677828,121.4455744
Skytrain,第二航廈,Terminal 2,-28647,-3267,,25.0764579,121.233632
Skytrain,第二航廈,Terminal 2,-28858,-3515,,25.0786997,121.2315385
V01,紅樹林,Hongshulin,-5950,-12074,,25.15544,121.4589125
V02,竿蓁林,Ganzhenlin,-6224,-12820,,25.1621824,121.456225
V03,淡金鄧公,Danjin Denggong,-5763,-13610,,25.1693035,121.4608263
V04,淡江大學,Tamkang University,-6254,-14469,,25.1770757,121.4559765
V05,淡金北新,Danjin Beixin,-6640,-14927,,25.1812144,121.452165
V06,新市一路,Xinshi 1st Rd.,-7048,-15222,,25.1838978,121.4481232
V07,淡水行政中心,Tamsui District Office,-7415,-15781,,25.1889533,121.4445041
V08,濱海義山,Binhai Yishan,-8134,-15864,,25.1897184,121.4373723
V09,濱海沙崙,Binhai Shalun,-8713,-15944,,25.1904655,121.4316345
V10,淡海新市鎮,Danhai New Town,-8630,-16520,,25.1956548,121.4324753
V11,崁頂,Kanding,-8415,-17107,,25.2009501,121.434621
V26,淡水漁人碼頭,Tamsui Fisherman's Wharf,-10022,-15003,,25.1820049,121.4186124
V27,沙崙,Shalun Station,-10167,-15606,,25.18745,121.41719
V28,臺北海洋大學,Taipei University of Marine Technology,-9252,-16020,,25.1911611,121.426285
Y07,大坪林,大坪林,2467,7016,,24.9828172,121.5416446
Y08,十四張,Shisizhang,1047,6838,,24.9844703,121.5275892
Y09,秀朗橋,Xiulang Bridge,773,6190,,24.9903315,121.5249012
Y10,景平,Jingping,-108,5992,,24.9921502,121.5161735
Y11,景安,Jingan,-1165,5858,,24.9933996,121.5057104
Y12,中和,Zhonghe,-2164,4874,,25.0023167,121.4958503
Y13,橋和,Qiaohe,-2731,4622,,25.0046042,121.4902458
Y14,中原,Zhongyuan,-3335,4229,,25.0081782,121.4842739
Y15,板新,Banxin,-4534,3529,,25.0145313,121.472418
Y16,板橋,Banqiao,-5324,3459,,25.0151874,121.464592
Y17,新埔民生,Xinpu Minsheng,-5119,2247,,25.0261266,121.4666661
Y18,頭前庄,Touqianzhuang,-5765,723,,25.0399026,121.4603193
Y19,幸福,Xingfu,-5804,-394,,25.0499888,121.459967
Y20,新北產業園區,New Taipei Industrial Park,-5824,-1643,,25.0612686,121.4598089
,第一航廈,Terminal 1,-28206,-3643,,25.0798462,121.2380095
,第一航廈,Terminal 1,-28442,-3876,,25.0819504,121.235669
