25.0206688|121.5282083|Taipower Building|G08
25.1369644|121.5031693|Xinbeitou|R22A
24.9668719|121.4362698|Yongning|BL02
24.9731817|121.4443910|Tucheng|BL03
25.0821916|121.5673156|Xihu|BR16
25.0054814|121.5570598|Xinhai|BR05
24.9994306|121.5581380|Wanfang Hospital|BR04
24.9986089|121.5681226|Wanfang Community|BR03
24.9982458|121.5731834|Muzha|BR02
24.9983168|121.5794478|Taipei Zoo|BR01
25.0184395|121.5589054|Linguang|BR06
24.9800328|121.2164356|Xingnan|A20
25.0017441|121.2032715|Taoyuan Sports Park|A19
25.0241007|121.2210937|Linghang|A17
25.0137163|121.2141381|Taoyuan HSR Station|A18
25.0364919|121.2157962|Hengshan|A16
25.0594133|121.5331615|Xingtian Temple|O09
25.0520141|121.5330358|Songjiang Nanjing|O08;G15
25.0798652|121.5474402|Dazhi|BR14
25.0338425|121.5292584|Dongmen|O06;R07
25.0545687|121.6172189|Taipei Nangang Exhibition Center|BL23
24.9903315|121.5249012|Xiulang Bridge|Y09
25.0081782|121.4842739|Zhongyuan|Y14
25.0399026|121.4603193|Touqianzhuang|Y18
25.0612686|121.4598089|New Taipei Industrial Park|Y20
25.0499888|121.4599670|Xingfu|Y19
25.0261266|121.4666661|Xinpu Minsheng|Y17
25.0151874|121.4645920|Banqiao|Y16
24.9844703|121.5275892|Shisizhang|Y08
24.9921502|121.5161735|Jingping|Y10
25.0145313|121.4724180|Banxin|Y15
25.0834972|121.5941892|Neihu|BR19
25.0416464|121.5161808|NTU Hospital|R09
25.0493991|121.5103289|Beimen|G13
24.9580672|121.5376308|Xindian|G01
25.0328676|121.5697576|Xiangshan|R02
25.0331302|121.5527328|Xinyi Anhe|R04
25.0333294|121.5435546|Daan|BR09;R05
25.0335619|121.5352793|Daan Park|R06
25.0336955|121.5175455|Chiang Kai-Shek Memorial Hall|R08;G10
25.0462432|121.5174745|Taipei main station|R10;BL12
25.0526256|121.5203914|Zhongshan|R11;G14
25.0576320|121.5206986|Shuanglian|R12
25.0628506|121.5194030|Minquan W. Rd.|R13;O11
25.0714175|121.5201361|Yuanshan|R14
25.0842913|121.5249806|Jiantan|R15
25.0934949|121.5262468|Shilin|R16
25.1030034|121.5225195|Zhishan|R17
25.1098593|121.5187693|Mingde|R18
25.1146071|121.5155232|Shipai|R19
25.1209048|121.5061304|Qilian|R20
25.1256031|121.5011369|Qiyan|R21
25.1319307|121.4985934|Beitou|R22
25.1374895|121.4854979|Fuxinggang|R23
25.1309506|121.4733740|Zhongyi|R24
25.1257006|121.4671419|Guandu|R25
25.1369727|121.4595099|Zhuwei|R26
25.1544087|121.4588321|Hongshulin|R27
25.1677828|121.4455744|Tamsui|R28
25.0238183|121.5531211|Liuzhangli|BR07
25.0261012|121.5434596|Technology Building|BR08
25.0415409|121.5437706|Zhongxiao Fuxing|BR10;BL15
25.0518360|121.5439651|Nanjing Fuxing|BR11;G16
25.0606868|121.5442019|Zhongshan Junior High School|BR12
25.0630860|121.5516137|Songshan Airport|BR13
25.0848493|121.5556531|Jiannan Road|BR15
25.0800727|121.5752034|Gangqian|BR17
25.0785562|121.5849416|Wende|BR18
25.0837613|121.6023410|Dahu Park|BR20
25.0726385|121.6073633|Huzhou|BR21
25.0674198|121.6116099|Donghu|BR22
25.0599458|121.6158969|Nangang Software Park|BR23
25.0553158|121.6178960|Taipei Nangang Exhibition Center|BR24
24.9673862|121.5413511|Xindian District Office|G02
24.9750221|121.5429203|Qizhang|G03
24.9829295|121.5413291|Dapinglin|G04
25.0617060|121.4589414|New Taipei Industrial Park|A3
25.0411283|121.5660998|Taipei City Hall|BL18
24.9927122|121.5407055|Jingmei|G05
25.0019033|121.5390234|Wanlong|G06
25.0149166|121.5342640|Gongguan|G07
25.0447619|121.5234226|Shandao Temple|BL13
24.9975221|121.4523632|Far Eastern Hospital|BL05
25.0520905|121.6071920|Nangang|BL22
25.0413418|121.5573918|Sun Yat-Sen Memorial Hall|BL17
25.0087697|121.4592803|Fuzhong|BL06
25.0447413|121.5823224|Houshanpi|BL20
25.0415086|121.5494790|Zhongxiao Dunhua|BL16
25.0234603|121.4683057|Xinpu|BL08
25.0504897|121.5933161|Kunyang|BL21
25.0144988|121.4629920|Banqiao|BL07
25.0408761|121.5757045|Yongchun|BL19
25.0304238|121.4727783|Jiangzicui|BL09
24.9853177|121.4487858|Haishan|BL04
25.0427128|121.5086081|Ximen|G12;BL11
24.9597337|121.4194769|Dingpu|BL01
25.0352844|121.4995813|Longshan Temple|BL10
25.0631779|121.5005513|Taipei Bridge|O13
24.9717696|121.5305995|Xiaobitan|G03A
25.0024105|121.5109003|Yongan Market|O03
25.0768140|121.4863784|Sanhe Junior High School|O51
25.0855048|121.4732993|Sanmin Senior High School|O53
25.0559777|121.4853768|Sanchong|O15
25.0700034|121.4973001|Sanchong Elementary School|O50
25.0626740|121.5265984|Zhongshan Elementary School|O10
25.0289264|121.4226568|Danfeng|O20
25.0464284|121.4716805|Xianse Temple|O16
25.0514279|121.5643061|Nanjing Sanmin|G18
24.9900264|121.5088518|Nanshijiao|O01
25.0267154|121.5227215|Guting|O05;G09
25.0516857|121.5514989|Taipei Arena|G17
25.0631980|121.5126944|Daqiaotou|O12
25.0359010|121.5108064|Xiaonanmen|G11
25.0803359|121.4802265|St. Ignatius High School|O52
25.0422900|121.5328383|Zhongxiao Xinsheng|BL14;O07
25.0363332|121.4533591|Xinzhuang|O18
24.9937859|121.5050464|Jingan|O02
25.0500706|121.5774743|Songshan|G19
25.0602676|121.4921055|Cailiao|O14
25.0912780|121.4651040|Luzhou|O54
25.0327220|121.4352746|Fu Jen University|O19
25.0220786|121.4119025|Huilong|O21
25.0136014|121.5154720|Dingxi|O04
25.0395009|121.4613873|Touqianzhuang|O17
25.0808055|121.2847775|Shanbi|A10
25.0657846|121.3614372|Linkou|A9
25.0374683|121.5823111|Guangci/Fengtian Temple Station (Under construction)|R01
24.9933996|121.5057104|Jingan|Y11
24.9585814|121.2193715|Laojie River|A22
25.0532646|121.4395522|Taishan|A5
25.0558139|121.2106496|Dayuan|A15
25.0487037|121.5143449|Taipei main station|A1
25.0546641|121.4828130|Sanchong|A2
25.0592100|121.4457893|Xinzhuang Fuduxin|A4
25.0333454|121.4229634|Taishan Guihe|A6
24.9671663|121.2208004|Huanbei|A21
25.0691793|121.2206257|Airport Hotel|A14a
25.0772273|121.2322564|Airport Terminal 2|A13
25.0804980|121.2383976|Airport Terminal 1|A12
25.0864909|121.2663561|Kengkou|A11
25.0604744|121.3707965|Chang Gung Memorial Hospital|A8
25.0413317|121.3854083|National Taiwan Sport University|A7
24.9667710|121.3298670|Yingtao Fude|LB12
24.9607647|121.3345021|Yongji Park|LB11
24.9546642|121.3424459|Guohua|LB10
24.9525784|121.3494861|Ceramics Old Street|LB09
24.9531975|121.3564686|Yingge Station|LB08
24.9389895|121.3671583|National Taipei University|LB07
24.9398681|121.3846739|Longpu|LB05
24.9374685|121.3912466|Hengxi|LB04
24.9441968|121.4025763|Changshoushan|LB03
24.9534326|121.4121140|Mazutian|LB02
24.9595744|121.4193821|Dingpu|LB01
25.0046042|121.4902458|Qiaohe|Y13
25.0023167|121.4958503|Zhonghe|Y12
25.0329794|121.5624453|Taipei 101/World Trade Center|R03
24.9828172|121.5416446||Y07
24.9389234|121.3764491|Sanxia|LB06
